{
  "totalIGas": 0.3515500000000004,
  "totalITax": 2.0000600012000243e-8,
  "totalRootCAFees": 67.18927900360012,
  "totalIndexerFees": 0.0006897500000000005,
  "totalProviderFees": 167.96630000899992,
  "totalCashierFees": 7.099999999999991,
  "revenueByServiceType": {
    "garden_deployment": {
      "count": 27,
      "totalAmount": 0,
      "totalIGas": 0,
      "totalITax": 0,
      "totalRootCAFees": 0,
      "totalIndexerFees": 0,
      "totalProviderFees": null,
      "totalCashierFees": null
    },
    "grocerystore": {
      "count": 4,
      "totalAmount": 0,
      "totalIGas": 0.0178,
      "totalITax": 0,
      "totalRootCAFees": 0.000356,
      "totalIndexerFees": 0.000089
    },
    "pharmacy": {
      "count": 36,
      "totalAmount": 0,
      "totalIGas": 0.16020000000000004,
      "totalITax": 0,
      "totalRootCAFees": 9.594534000000001,
      "totalIndexerFees": 0.0001335,
      "totalProviderFees": 22.386000000000017,
      "totalCashierFees": 2.800000000000001
    },
    "gasstation": {
      "count": 4,
      "totalAmount": 0,
      "totalIGas": 0.0178,
      "totalITax": 0,
      "totalRootCAFees": 0.000356,
      "totalIndexerFees": 0.000089
    },
    "dogpark": {
      "count": 4,
      "totalAmount": 0,
      "totalIGas": 0.0178,
      "totalITax": 0,
      "totalRootCAFees": 0.000356,
      "totalIndexerFees": 0.000089
    },
    "party": {
      "count": 16,
      "totalAmount": 0,
      "totalIGas": 0.07120000000000001,
      "totalITax": 0,
      "totalRootCAFees": 3.198534,
      "totalIndexerFees": 0.0001335,
      "totalProviderFees": 6.396000000000001,
      "totalCashierFees": 0.7999999999999999
    },
    "bank": {
      "count": 2,
      "totalAmount": 0,
      "totalIGas": 0.0089,
      "totalITax": 0,
      "totalRootCAFees": 0.000178,
      "totalIndexerFees": 0.0000445
    },
    "dex": {
      "count": 6,
      "totalAmount": 0,
      "totalIGas": 0.026699999999999998,
      "totalITax": 2.0000600012000243e-8,
      "totalRootCAFees": 0.0003870036000720014,
      "totalIndexerFees": 0.00006675,
      "totalProviderFees": 0.00020000600012000242,
      "totalCashierFees": 0.2
    },
    "priesthood": {
      "count": 4,
      "totalAmount": 0,
      "totalIGas": 0,
      "totalITax": 0,
      "totalRootCAFees": 0,
      "totalIndexerFees": 0,
      "totalProviderFees": null,
      "totalCashierFees": null
    },
    "airline": {
      "count": 10,
      "totalAmount": 0,
      "totalIGas": 0.044500000000000005,
      "totalITax": 0,
      "totalRootCAFees": 47.998578,
      "totalIndexerFees": 0.0000445,
      "totalProviderFees": 89.997,
      "totalCashierFees": 0.6
    },
    "autoparts": {
      "count": 6,
      "totalAmount": 0,
      "totalIGas": 0.026699999999999998,
      "totalITax": 0,
      "totalRootCAFees": 1.9188000000000003,
      "totalIndexerFees": 0,
      "totalProviderFees": 4.797000000000001,
      "totalCashierFees": 0.6
    },
    "restaurant": {
      "count": 14,
      "totalAmount": 0,
      "totalIGas": 0.062300000000000015,
      "totalITax": 0,
      "totalRootCAFees": 4.4772,
      "totalIndexerFees": 0,
      "totalProviderFees": 11.193000000000001,
      "totalCashierFees": 1.4000000000000001
    }
  },
  "lastUpdated": 1768884186839,
  "createdAt": 1768780667884,
  "lastSaved": "2026-01-20T04:43:06.839Z"
}