{
  "totalIGas": 0.3960500000000005,
  "totalITax": 2.0000600012000243e-8,
  "totalRootCAFees": 70.14767900360013,
  "totalIndexerFees": 0.0006897500000000005,
  "totalProviderFees": 175.36230000899988,
  "totalCashierFees": 8.099999999999987,
  "revenueByServiceType": {
    "garden_deployment": {
      "count": 35,
      "totalAmount": 0,
      "totalIGas": 0,
      "totalITax": 0,
      "totalRootCAFees": 0,
      "totalIndexerFees": 0,
      "totalProviderFees": 0,
      "totalCashierFees": 0
    },
    "grocerystore": {
      "count": 4,
      "totalAmount": 0,
      "totalIGas": 0.0178,
      "totalITax": 0,
      "totalRootCAFees": 0.000356,
      "totalIndexerFees": 0.000089
    },
    "pharmacy": {
      "count": 36,
      "totalAmount": 0,
      "totalIGas": 0.16020000000000004,
      "totalITax": 0,
      "totalRootCAFees": 9.594534000000001,
      "totalIndexerFees": 0.0001335,
      "totalProviderFees": 22.386000000000017,
      "totalCashierFees": 2.800000000000001
    },
    "gasstation": {
      "count": 4,
      "totalAmount": 0,
      "totalIGas": 0.0178,
      "totalITax": 0,
      "totalRootCAFees": 0.000356,
      "totalIndexerFees": 0.000089
    },
    "dogpark": {
      "count": 4,
      "totalAmount": 0,
      "totalIGas": 0.0178,
      "totalITax": 0,
      "totalRootCAFees": 0.000356,
      "totalIndexerFees": 0.000089
    },
    "party": {
      "count": 18,
      "totalAmount": 0,
      "totalIGas": 0.0801,
      "totalITax": 0,
      "totalRootCAFees": 3.8381339999999997,
      "totalIndexerFees": 0.0001335,
      "totalProviderFees": 7.995000000000001,
      "totalCashierFees": 0.9999999999999999
    },
    "bank": {
      "count": 2,
      "totalAmount": 0,
      "totalIGas": 0.0089,
      "totalITax": 0,
      "totalRootCAFees": 0.000178,
      "totalIndexerFees": 0.0000445
    },
    "dex": {
      "count": 6,
      "totalAmount": 0,
      "totalIGas": 0.026699999999999998,
      "totalITax": 2.0000600012000243e-8,
      "totalRootCAFees": 0.0003870036000720014,
      "totalIndexerFees": 0.00006675,
      "totalProviderFees": 0.00020000600012000242,
      "totalCashierFees": 0.2
    },
    "priesthood": {
      "count": 4,
      "totalAmount": 0,
      "totalIGas": 0,
      "totalITax": 0,
      "totalRootCAFees": 0,
      "totalIndexerFees": 0,
      "totalProviderFees": null,
      "totalCashierFees": null
    },
    "airline": {
      "count": 10,
      "totalAmount": 0,
      "totalIGas": 0.044500000000000005,
      "totalITax": 0,
      "totalRootCAFees": 47.998578,
      "totalIndexerFees": 0.0000445,
      "totalProviderFees": 89.997,
      "totalCashierFees": 0.6
    },
    "autoparts": {
      "count": 8,
      "totalAmount": 0,
      "totalIGas": 0.0356,
      "totalITax": 0,
      "totalRootCAFees": 2.3188000000000004,
      "totalIndexerFees": 0,
      "totalProviderFees": 5.797000000000001,
      "totalCashierFees": 0.7999999999999999
    },
    "restaurant": {
      "count": 18,
      "totalAmount": 0,
      "totalIGas": 0.0801,
      "totalITax": 0,
      "totalRootCAFees": 5.756399999999999,
      "totalIndexerFees": 0,
      "totalProviderFees": 14.391000000000002,
      "totalCashierFees": 1.8000000000000005
    },
    "hotel": {
      "count": 2,
      "totalAmount": 0,
      "totalIGas": 0.0089,
      "totalITax": 0,
      "totalRootCAFees": 0.6396000000000001,
      "totalIndexerFees": 0,
      "totalProviderFees": 1.5990000000000002,
      "totalCashierFees": 0.2
    }
  },
  "lastUpdated": 1768931429637,
  "createdAt": 1768780667884,
  "lastSaved": "2026-01-20T17:50:29.637Z"
}